{"cameraMode":{"drawMode":0,"name":"Shaded","section":"Shading Mode"},"sceneLighting":false,"audioPlay":false,"sceneViewState":{"m_AlwaysRefresh":false,"showFog":true,"showSkybox":true,"showFlares":true,"showImageEffects":true,"showParticleSystems":true,"showVisualEffectGraphs":true,"m_FxEnabled":true},"in2DMode":false,"pivot":{"x":2.145827054977417,"y":10.0994873046875,"z":-6.982789516448975},"rotation":{"x":-0.19846324622631074,"y":0.013816313818097115,"z":-0.0027978469152003528,"w":-0.9800081849098206},"size":3.866024971008301,"orthographic":false}